time,pm 1.0,pm 2.5,pm 10,temperature,gas,humidity,pressure,altitude
1740615705.4590185,0,0,0,34.126875,17162,100,702.8021413906823,2981.2681602637194
1740615706.4701083,0,0,0,24.1856640625,7111,35.50744362246318,1004.8376061447391,70.27553262990477
1740615707.4811583,0,0,0,24.2231640625,12845,35.51108006833565,1004.851533649738,70.15879187427203
1740615708.4924757,0,0,0,24.2665234375,18812,35.44656951192453,1004.8596595710845,70.09068076826138
1740615709.5051386,0,0,0,24.3083203125,24891,35.347592819067536,1004.8669111719458,70.02989855367255
1740615710.5181262,0,0,0,24.3462109375,30596,35.25972865851861,1004.8797463191017,69.92231646661713
1740615711.5312223,0,0,0,24.3786328125,35644,35.15423227855408,1004.876613448458,69.9485755691241
1740615712.5442047,0,0,0,24.408125,40499,35.06565261735161,1004.8772385715591,69.9433359055553
1740615713.55715,0,0,0,24.4329296875,45024,34.99379483920509,1004.873536741101,69.97436398657615
1740615714.568242,0,0,0,24.455390625,48969,34.96740453012629,1004.8642221600037,70.05243754934845
1740615715.579401,0,0,0,24.4751171875,53165,34.952171323960684,1004.8538201483873,70.13962650069223
1740615716.590507,0,0,0,24.4915234375,56692,34.9137903800735,1004.855154239017,70.12844420324241
1740615717.60164,0,0,0,24.5071484375,59895,34.83540728153132,1004.8551921022768,70.12812683500036
1740615718.6137226,0,0,0,24.5204296875,62957,34.75113584702412,1004.8547923466825,70.13147756997998
1740615719.6265757,0,0,0,24.533125,66139,34.70674436872628,1004.8551448716552,70.1285227200742
1740615720.6396224,0,0,0,24.5430859375,68688,34.6393130846495,1004.8371688676274,70.27919792070192
1740615721.6524863,0,0,0,24.5534375,71503,34.59472769277936,1004.8336347797082,70.3088209681969
1740615722.6643436,0,0,0,24.5630078125,74162,34.510227088070984,1004.8201828676657,70.4215768943714
1740615723.6754422,0,0,0,24.571796875,76745,34.41431900965734,1004.8157820627362,70.45846536074225
1740615724.6875699,0,0,0,24.58078125,78914,34.346917558631745,1004.8048065387068,70.5504650662195
1740615725.698665,0,0,0,24.588984375,80896,34.239688036287,1004.7925354612207,70.65332540214624
1740615726.7097633,0,0,0,24.5977734375,83643,34.1893832428533,1004.7898576340351,70.67577199359498
1740615727.7208679,0,0,0,24.60421875,84829,34.150231204381456,1004.7781211350554,70.77415247500069
1740615728.7313917,0,0,0,24.610078125,86673,34.08264721794686,1004.777485109652,70.77948394543027
1740615729.7424123,0,0,0,24.6157421875,88598,34.037772653734876,1004.7730760353662,70.81644299903904
1740615730.7534406,0,0,0,24.621796875,91104,33.987274112693534,1004.7796617735448,70.76123811448801
1740615731.7647817,0,0,1,24.626484375,91904,33.936663499814976,1004.7788076729952,70.76839758728818
1740615732.7778487,0,0,1,24.631171875,93756,33.89740858121967,1004.7796780912685,70.76110133170049
1740615733.7908208,0,0,1,24.6352734375,95140,33.88645331578948,1004.7830265974678,70.73303262462589
1740615734.8037813,0,0,0,24.639765625,94901,33.88120450565764,1004.7939210878113,70.64171055888376
1740615735.8166318,0,0,0,24.6450390625,95550,33.89303746937672,1004.8130091424491,70.48170862511246
1740615736.8293939,0,0,0,24.64953125,96709,33.92748140178709,1004.8256285013887,70.37593063584522
1740615737.8423493,0,0,0,24.6536328125,97440,33.97891571767583,1004.8289770623428,70.34786250912298
1740615738.8554,0,0,1,24.6575390625,98298,34.03602538673221,1004.8337265831855,70.30805146200512
1740615739.8683739,0,0,1,24.6614453125,100420,34.12722704762916,1004.828127815976,70.35498100897033
1740615740.8813694,0,0,1,24.6665234375,101515,34.1901868860963,1004.829645320358,70.34226108195429
1740615741.8947947,0,0,0,24.66984375,102134,34.235957948612246,1004.8282493907932,70.35396195183328
1740615742.9094768,0,0,0,24.6739453125,103779,34.25907965212019,1004.8350471941687,70.29698197115579
1740615743.9230006,0,0,0,24.678046875,105346,34.27652043631478,1004.8470192834684,70.19663128131762
1740615744.9355412,0,0,0,24.6821484375,106214,34.24280361524561,1004.855541915286,70.1251947175984
1740615745.9480972,0,0,1,24.686640625,106824,34.214813146463825,1004.8578128751169,70.10615965135864
1740615746.9606318,0,0,1,24.6915234375,107856,34.16414038577678,1004.8383088692568,70.26964234098676
1740615747.9725056,0,0,1,24.6969921875,110270,34.1078605819617,1004.8163259409816,70.45390645257373
1740615748.9848454,0,0,0,24.7032421875,112265,34.085736737336795,1004.8042613640787,70.55503488337729
1740615749.9974382,0,0,0,24.706953125,111816,34.05770005489551,1004.7914382293304,70.66252282176241
1740615751.0100627,0,0,0,24.7118359375,113252,33.99572843871559,1004.7891811547604,70.68144251427063
1740615752.0226204,0,0,0,24.7165234375,113482,33.939435377175194,1004.777975986498,70.77536917968759
1740615753.0353012,0,0,0,24.7208203125,114413,33.860447157968416,1004.78509676633,70.71567956237602
1740615754.0475893,0,0,0,24.726484375,117215,33.76462933656505,1004.8065574544714,70.53578837898574
1740615755.0596032,0,0,0,24.733125,116078,33.67462461918672,1004.8175624795372,70.44354151938168
1740615756.0731945,0,0,0,24.7387890625,118794,33.59024061918541,1004.8183245564309,70.43715363143863
1740615757.0850174,0,0,0,24.7419140625,117958,33.50001133843249,1004.8200535214298,70.42266109967855
1740615758.09771,0,0,0,24.746015625,118626,33.40992641490195,1004.8216758960226,70.40906204846392
1740615759.1114507,0,0,0,24.751484375,120851,33.331319787989976,1004.823838977458,70.3909307177102
1740615760.1242998,0,0,0,24.7567578125,120158,33.275323092213554,1004.8291282219332,70.34659546915698
1740615761.1372876,0,0,0,24.762421875,120590,33.21938262840138,1004.8281648499552,70.35467058495996
1740615762.1503427,0,0,0,24.7665234375,122352,33.180248867977895,1004.8297869523219,70.34107390446937
1740615763.1630657,0,0,0,24.7690625,123799,33.140981153309305,1004.8288196568408,70.34918190332434
1740615764.1745477,0,0,0,24.771796875,122263,33.079179799256636,1004.8247259806741,70.38349570917657
1740615765.186068,0,0,0,24.770625,123252,33.03959754833031,1004.8262339926306,70.37085531425828
1740615766.1975427,0,0,0,24.7665234375,124535,32.960304352005245,1004.8263369691251,70.36999214954513
1740615767.2090836,0,0,0,24.76046875,125374,32.886508772919605,1004.8214782001288,70.41071917195382
1740615768.2208738,0,0,0,24.7505078125,126990,32.80676576130501,1004.8153208198606,70.46233160246494
1740615769.2345393,0,0,0,24.741328125,128648,32.76652876402487,1004.7897588020102,70.67660044308518
1740615770.2488146,0,0,0,24.7341015625,126798,32.737734604905484,1004.7812329865873,70.74806748013343
1740615771.2618783,0,0,0,24.728046875,128648,32.720304719804055,1004.7660246986254,70.87555108367168
1740615772.275438,0,0,0,24.7083203125,130047,32.729760899791486,1004.7574824777876,70.9471570079473
1740615773.2883961,0,0,0,24.6815625,128058,32.744203387287364,1004.7390116001542,71.10199246424844
1740615774.3012145,0,0,0,24.6551953125,128648,32.76993564681286,1004.7332592440566,71.15021309524566
1740615775.312286,0,0,0,24.63,128648,32.8014052269218,1004.7242725195282,71.22554711380477
1740615776.323388,0,0,0,24.6034375,129644,32.827125694837406,1004.7112932598834,71.33435076505494
1740615777.3345737,0,0,0,24.5766796875,129444,32.86972038057612,1004.708335100999,71.35914883238911
1740615778.3456554,0,0,0,24.5450390625,130859,32.9118780062353,1004.7145251889863,71.30725776609074
1740615779.3573391,0,0,0,24.5079296875,130962,32.95354393429374,1004.727164487698,71.20130422996961
1740615780.3703372,0,0,0,24.4653515625,131994,32.989083281692054,1004.741076308197,71.08468456304217
1740615781.3832648,0,0,0,24.4231640625,132516,33.030297647497655,1004.7314887344473,71.16505490056608
1740615782.3950405,0,0,1,24.383515625,133786,33.06047963496751,1004.729551542421,71.18129399338501
1740615783.4061189,0,0,1,24.3446484375,135628,33.06255695376036,1004.7220072993597,71.24453611378732
1740615784.4171627,0,0,1,24.3034375,135299,33.024980655316156,1004.6778202576371,71.61495637233205
1740615785.4282393,0,0,1,24.264765625,136401,32.96512683743953,1004.6102623292969,72.1813204282441
1740615786.4394867,0,0,1,24.2247265625,136846,32.91080972536491,1004.5628454550114,72.57885271239613
1740615787.4515488,0,0,1,24.18546875,137521,32.85096611767775,1004.5287865259663,72.86440439936693
1740615788.4644184,0,0,1,24.1485546875,138544,32.80823862833015,1004.5055037568201,73.05961275854797
1740615789.4773743,0,0,1,24.1133984375,138544,32.76568905985102,1004.4903015305302,73.18707387201148
1740615790.4903362,0,0,0,24.081953125,124907,32.71225436634923,1004.4743553212516,73.32077449375153
1740615791.503348,0,0,0,24.0528515625,121201,32.675909524045174,1004.460569021555,73.43636678891505
1740615792.5164106,0,0,0,24.029609375,124814,32.5951846686807,1004.4547719597689,73.48497308508745
1740615793.5290537,0,0,1,24.0083203125,130350,32.58764986402713,1004.4539341912416,73.4919974942707
1740615794.5419748,0,0,1,23.9841015625,131270,32.6416127060244,1004.4482368465069,73.53976795209726
1740615795.5545862,0,0,1,23.9614453125,134430,32.706968435136986,1004.4434052703083,73.58027938281809
1740615796.5674808,0,0,1,23.9380078125,134000,32.74979818395309,1004.4389990964439,73.61722407012846
1740615797.5795,0,0,1,23.9176953125,136068,32.77605861087164,1004.4346044543516,73.65407219707203
1740615798.592889,0,0,1,23.900703125,136401,32.841976655427786,1004.43054599335,73.6881016339533
1740615799.6060212,0,0,1,23.884296875,138544,32.930476043130994,1004.4274580732938,73.71399334100292
1740615800.6188984,0,0,1,23.86671875,137295,33.01891742383772,1004.4224258543297,73.75618781601588
1740615801.6317606,0,0,1,23.852265625,137860,33.10769233099152,1004.4225746334305,73.75494032093451
1740615802.644834,0,0,1,23.8383984375,139351,33.17966417999558,1004.4219716349207,73.7599963927174
1740615803.6587484,0,0,1,23.82453125,140756,33.234755963311684,1004.4248127363287,73.73617411212633
1740615804.6715844,0,0,1,23.8126171875,142432,33.26185246332855,1004.4274469792842,73.71408636258317
1740615805.6871493,0,0,1,23.802265625,139816,33.30037441586853,1004.4275044990416,73.71360406818773
1740615806.7001097,0,0,1,23.7926953125,142553,33.305136391365046,1004.4236900194039,73.7455879468467
1740615807.7129664,0,0,1,23.781953125,140756,33.29851239142254,1004.4196541598953,73.77942817186695
1740615808.7253208,0,0,1,23.77140625,140520,33.26371595099317,1004.4142195066956,73.82499729755496
1740615809.7383242,0,0,1,23.76125,139120,33.22332863028093,1004.4145992475632,73.82181319473892
1740615810.7513068,0,0,1,23.7534375,141949,33.18316796480238,1004.4171432424645,73.80048198578181
1740615811.7642293,0,0,1,23.746796875,141709,33.16002567630108,1004.4078523595557,73.87838556316376
1740615812.7773128,0,1,1,23.7395703125,143777,33.114305848093586,1004.4044786802103,73.90667383610376
1740615813.7902663,0,1,1,23.7313671875,144521,33.102295071775,1004.3977630321341,73.9629847177525
1740615814.8035657,0,1,1,23.7221875,134430,33.067676193257384,1004.3980386172483,73.96067392349451
1740615815.8156528,1,1,1,23.7165234375,140756,33.02775831187296,1004.3972557745692,73.96723809784832
1740615816.8283362,1,1,1,23.708515625,143162,32.970760533390795,1004.3960300073645,73.97751622445556
1740615817.8393857,1,1,1,23.701484375,137408,32.92512265402999,1004.3947014936272,73.98865589795622
1740615818.8504303,1,1,1,23.69640625,136068,32.86281139608752,1004.3983342215162,73.95819526824809
1740615819.862822,1,1,1,23.6899609375,136290,32.822882259859995,1004.4151981994161,73.81679102384304
1740615820.8739002,1,1,1,23.684296875,136846,32.7324786366454,1004.4316353626695,73.67896746490332
1740615821.8851805,1,1,1,23.680390625,139351,32.692816335333376,1004.4509876915857,73.51670294708185
1740615822.9022427,1,1,1,23.67765625,140167,32.65888438419455,1004.4636731122046,73.41034018893518
1740615823.9148057,1,1,1,23.676875,137747,32.743041664021256,1004.4727097333478,73.33457198518208
1740615824.925844,0,0,0,23.6762890625,139700,32.889098229412376,1004.4837923739839,73.24164953647961
1740615825.9369032,0,0,0,23.67609375,139004,33.05784958674973,1004.4989670888484,73.1144184200505
1740615826.9480693,0,0,0,23.6753125,141470,33.21547120730772,1004.4942270587371,73.15416063544228
1740615827.959433,0,0,0,23.6735546875,141709,33.34496992997272,1004.4947554728174,73.14973020328439
1740615828.9723008,1,1,1,23.6721875,143162,33.44639644578889,1004.4959318125319,73.1398673137131
1740615829.9849868,1,1,1,23.671015625,144521,33.47450991963778,1004.5043203621958,73.06953472269696
1740615830.9975727,1,1,1,23.6700390625,144272,33.48571005847293,1004.4958122511638,73.14086976228688
1740615832.0101004,1,1,1,23.6700390625,144397,33.474420099043044,1004.4975343110833,73.12643135779987
1740615833.0223753,1,1,1,23.6704296875,144646,33.440591298047565,1004.5067925627014,73.04880700301467
1740615834.034958,1,1,1,23.6716015625,144646,33.40684194272605,1004.5139026094798,72.98919432715921
1740615835.0475488,1,1,1,23.6716015625,144896,33.37863366851793,1004.5139026094798,72.98919432715921
1740615836.0601492,1,1,1,23.670625,144148,33.34470132768314,1004.5122827248773,73.00277587522271
1740615837.0726423,1,1,1,23.671015625,144771,33.322179615139035,1004.5094865517215,73.02621978452667
1740615838.084635,1,1,1,23.6716015625,145652,33.26585452170244,1004.5070143496367,73.04694747243991
1740615839.0980086,0,0,0,23.6735546875,146161,33.226580756509925,1004.5085320293839,73.0342227827981
1740615840.1114817,0,0,0,23.6766796875,146033,33.198692361094814,1004.5188818629794,72.94744703802233
1740615841.1236634,0,0,0,23.6782421875,146161,33.17066632545236,1004.5283620113788,72.8679635993977
1740615842.136752,0,0,0,23.67921875,146930,33.12006516111912,1004.517927304719,72.95545027687233
1740615843.1477926,1,2,2,23.68078125,147968,33.08079376852511,1004.5205191091278,72.93371999920375
1740615844.158822,1,2,2,23.6809765625,146930,33.05266526548825,1004.5242872660558,72.90212699543052
1740615845.1698635,1,2,2,23.680390625,148230,33.024471069934705,1004.5147048916739,72.98246778409239
1740615846.1809509,0,1,1,23.67921875,149554,32.956848602471375,1004.5127610482498,72.99876548161224
1740615847.1922805,0,1,1,23.6786328125,148757,32.91180213772889,1004.5083449597466,73.03579123082184
1740615848.2051926,0,1,1,23.6782421875,148361,32.86678729970725,1004.5094190969617,73.02678534503224
1740615849.2193303,0,1,1,23.67765625,147447,32.827388615202054,1004.5050030161306,73.06381112965781
1740615850.2322745,0,1,1,23.6782421875,148230,32.75439920347836,1004.5042528499237,73.0701007677605
1740615851.2452295,0,1,1,23.6786328125,148757,32.70950338392404,1004.5049007930093,73.06466820141691
1740615852.2582872,0,1,1,23.6782421875,149554,32.65893719039455,1004.5076970145038,73.04122380016763
1740615853.2713778,0,1,1,23.67921875,149021,32.62534754106966,1004.507594792787,73.04208085828891
1740615854.284345,0,1,1,23.67921875,148757,32.619735352969116,1004.5058727078565,73.05651935539093
1740615855.2973802,0,1,1,23.678828125,148889,32.6197001835744,1004.5035026808557,73.07639043365063
1740615856.3103747,0,1,1,23.68078125,150090,32.603040702235006,1004.5032982150011,73.07810474374591
1740615857.3232682,0,1,1,23.6825390625,149154,32.56953393262707,1004.5027697614651,73.08253547620622
1740615858.335721,1,2,2,23.6860546875,148099,32.665255090324436,1004.5017128045774,73.09139736446475
1740615859.348688,1,2,2,23.68703125,148493,32.86758360825164,1004.5067768551771,73.04893869979162
1740615860.363441,2,3,3,23.687421875,148230,33.025110652693165,1004.5074247933368,73.0435061858042
1740615861.3760397,2,3,4,23.6876171875,150224,33.09267666286871,1004.5077487624604,73.04078992950937
1740615862.389059,2,3,4,23.6923046875,150359,33.0874735328678,1004.5103576700049,73.0189160759448
1740615863.4020288,1,2,3,23.703046875,146161,33.10534419281708,1004.4971772924182,73.12942473625289
1740615864.4149885,1,2,3,23.7071484375,146673,33.0719360023994,1004.4729816198831,73.33229234140879
1740615865.4280179,1,2,3,23.708125,147577,33.02699414010118,1004.4539354688598,73.49198678186568
1740615866.4409304,1,2,3,23.7102734375,147968,33.01030654159282,1004.4454437160582,73.56318755950146
1740615867.4539788,2,3,3,23.711640625,147707,32.98229665202534,1004.4339339720121,73.65969405848152
1740615868.466825,2,3,3,23.7126171875,148493,32.92050894305123,1004.4217763101693,73.76163416837443
1740615869.478695,2,3,3,23.7133984375,149021,32.864351064086016,1004.4179055321752,73.79409025149533
1740615870.4915826,1,2,3,23.7157421875,149021,32.80273639412449,1004.4166261833126,73.80481748496025
1740615871.504924,1,2,3,23.717890625,151037,32.757981830571964,1004.4098563276494,73.86158234397433
1740615872.517954,1,2,3,23.721015625,150629,32.69648156356356,1004.4047060305209,73.90476750324864
1740615873.5308914,1,2,2,23.7255078125,147707,32.69127157577632,1004.4104341003218,73.85673774051766
1740615874.54371,2,3,3,23.7298046875,148757,32.72535510058266,1004.4072271712004,73.88362775645932
1740615875.556521,2,3,3,23.734296875,148757,32.742611798859734,1004.4146773858776,73.8211580101006
1740615876.5695884,2,3,3,23.7368359375,150359,32.79902553180963,1004.4137216877657,73.8291714788352
1740615877.5824234,1,2,2,23.73859375,150359,32.79918459107991,1004.4131925091651,73.83360861086642
1740615878.5956302,1,2,2,23.7395703125,147968,32.77679650375026,1004.4096453960071,73.86335099890778
1740615879.6077275,2,2,3,23.74015625,147707,32.75437646218929,1004.4020059531653,73.92740768044519
1740615880.6218188,2,2,3,23.7399609375,147577,32.70942312166537,1004.3913486029015,74.01677015631448
1740615881.6347723,3,3,4,23.74015625,148361,32.65890459247636,1004.391672516226,74.01405411372617
1740615882.6477516,2,3,3,23.7399609375,151721,32.60275621449382,1004.3947930803553,73.98788793694108
1740615883.6605864,2,3,3,23.738984375,151447,32.557779309420226,1004.3914512726903,74.01590926075298
1740615884.6736543,1,2,2,23.7395703125,150359,32.54661190481025,1004.3855340642336,74.06552571078535
1740615885.6866834,2,2,2,23.7395703125,149021,32.529783371200224,1004.3907007763398,74.02220224288884
1740615886.6996748,2,2,2,23.74015625,148889,32.524226943410454,1004.391672516226,74.01405411372617
1740615887.7127044,2,2,2,23.740546875,148757,32.52426204481528,1004.3974870641645,73.96529872279085
1740615888.7255957,1,2,2,23.7415234375,148493,32.49069970197403,1004.3939399103126,73.99504182862076
1740615889.7375596,1,2,2,23.7426953125,147968,32.462769028956366,1004.3924388999872,74.00762791923535
1740615890.7505236,1,2,2,23.7430859375,148889,32.44037922909236,1004.3948089723995,73.98775468106423
1740615891.763375,3,3,3,23.7425,147968,32.46275150547765,1004.3852260066486,74.06810881432601
1740615892.7744474,3,3,3,23.7426953125,149554,32.48519730836259,1004.3907166541015,74.02206910633171
1740615893.7855182,3,3,3,23.7430859375,148230,32.50766412760501,1004.3827532452159,74.0888432688202
1740615894.7966583,1,1,1,23.743671875,148230,32.513325243781345,1004.3837249737312,74.08069518279551
1740615895.80777,1,1,1,23.74484375,148625,32.52464816966861,1004.3908351856588,74.02107520788918
1740615896.8190181,1,1,1,23.745234375,147838,32.530292425256775,1004.3897607558387,74.03008440813797
1740615897.8332124,1,1,1,23.7458203125,148230,32.50230144553494,1004.3907324885504,74.02193633296052
1740615898.8453372,2,2,2,23.74484375,148230,32.47417555297038,1004.3805016784426,74.10772301074836
1740615899.8588612,2,2,2,23.745234375,150359,32.46299683741481,1004.3880385033896,74.04452568145126
1740615900.873826,2,2,2,23.7442578125,149554,32.440484310839686,1004.3846967025082,74.07254710095911
1740615901.8877435,2,2,2,23.743671875,149154,32.406800927767286,1004.3785582303334,74.12401915671316
1740615902.899275,2,2,2,23.7426953125,150901,32.389900965248486,1004.378660936034,74.12315795114874
1740615903.9103384,2,2,2,23.7407421875,150901,32.356107095254444,1004.3771440939533,74.13587694903208
1740615904.9214416,2,2,2,23.74015625,150090,32.322443519322526,1004.381339083313,74.10070123504451
1740615905.9325447,2,2,2,23.7391796875,149955,32.29995315142377,1004.3814417690031,74.09984019920212
1740615906.9438546,2,2,2,23.7391796875,150494,32.243960588343406,1004.3779972974294,74.12872268013987
1740615907.9569592,2,2,2,23.7395703125,151173,32.22160443480198,1004.3803673531343,74.10884935069242
1740615908.9694698,2,2,2,23.7399609375,150901,32.221639264604306,1004.387904125895,74.04565245213539
1740615909.9813614,2,2,2,23.7395703125,151037,32.23279950488503,1004.3769228796269,74.13773187285857
1740615910.9938915,2,2,2,23.73859375,151447,32.266302719578455,1004.3770255693051,74.13687080050761
1740615912.0061848,2,2,2,23.7391796875,151721,32.260756091506366,1004.3779972974294,74.12872268013987
1740615913.0187998,2,3,3,23.7383984375,151721,32.24948916443747,1004.380146127248,74.11070436663192
1740615914.0314713,2,3,3,23.73703125,151721,32.215780865850924,1004.376156525387,74.14415790018663
1740615915.0439649,2,3,3,23.73546875,151447,32.16527685514416,1004.3718430237346,74.18032751316302
1740615916.056202,2,3,3,23.7344921875,152273,32.12043604772466,1004.3702234797726,74.19390776028521
1740615917.068483,2,3,3,23.734296875,151310,32.09245454038424,1004.3802329062366,74.10997671030236
1740615918.0809991,2,3,3,23.7348828125,152828,32.05336582494225,1004.379482417721,74.11626968365805
1740615919.0930116,3,3,3,23.733515625,153108,32.02529331459181,1004.3754928175752,74.1497232207317
1740615920.1060424,3,3,3,23.732734375,153388,31.980513487504673,1004.377641611758,74.13170516965923
1740615921.1194503,3,3,3,23.73078125,152689,31.952403495415695,1004.3761247094933,74.14442468264902
1740615922.1324322,3,3,3,23.728828125,153670,31.924299153097593,1004.379774423931,74.11382116166175
1740615923.1454568,3,3,3,23.72609375,153670,31.896131393980998,1004.3804062363029,74.10852330887509
1740615924.158418,3,3,3,23.7255078125,153952,31.879326698022567,1004.3794344913813,74.1166715542667
1740615925.1714396,3,4,4,23.7235546875,154236,31.845654295030418,1004.3744731494944,74.15827334394707
1740615926.1843824,3,4,4,23.72296875,154094,31.834437701001384,1004.3735014073268,74.16642160522076
1740615927.1974082,3,4,4,23.72140625,154094,31.80639151298419,1004.3674657202777,74.21703224618744
1740615928.2103736,3,4,4,23.71984375,153670,31.795091948085307,1004.3786518913056,74.12323379280026
1740615929.2232094,3,4,4,23.719453125,154806,31.783896618876874,1004.3900593438597,74.02758071728672
1740615930.2353761,3,4,4,23.7175,154663,31.76140538222376,1004.3885423191059,74.04030113002716
1740615931.2483277,3,4,4,23.7169140625,154520,31.750195534403886,1004.3927370891458,74.00512757828385
1740615932.2613354,3,4,4,23.7159375,155814,31.733373842420157,1004.387673128639,74.04758939088335
1740615933.274343,3,4,4,23.7165234375,155959,31.722269351900835,1004.3869227157363,74.05388169246763
1740615934.2873204,3,4,4,23.7157421875,159372,31.716622905468476,1004.389071381748,74.03586488214506
1740615935.300285,3,4,4,23.714765625,162621,31.733270692311994,1004.3805630891643,74.10720807171894
1740615936.3133016,3,4,4,23.7141796875,162938,31.766692313664898,1004.3813135010118,74.10091574672254
1740615937.3263097,3,4,4,23.7122265625,162464,31.80558195398506,1004.3711856495994,74.18583974373998
1740615938.3389652,3,4,4,23.7106640625,160441,31.855681711551906,1004.3651499938479,74.23645021675642
1740615939.3516102,3,4,4,23.7102734375,158019,31.922657744893336,1004.35761353051,74.29964567998245
1740615940.364432,3,4,4,23.7096875,158019,31.950536101922687,1004.3618082580288,74.26447160775828
1740615941.3773913,3,4,4,23.709296875,157425,31.978437079905362,1004.3663268939213,74.22658159791408
1740615942.3902287,3,4,4,23.710078125,159069,31.96733139565416,1004.3624560886212,74.25903936085726
1740615943.404226,2,3,3,23.71125,158318,31.978610094555158,1004.3626774204727,74.25718342991503
1740615944.4153602,2,3,3,23.7126171875,160749,31.967556251824107,1004.3597783333825,74.28149313144162
1740615945.426444,2,3,3,23.7137890625,161058,31.97324741832766,1004.3634439824892,74.25075559049128
1740615946.4374664,2,3,3,23.7137890625,160903,31.950899174152788,1004.3582774809229,74.2940782449328
1740615947.4485412,2,3,3,23.713203125,158318,31.956434035554658,1004.3573057431241,74.30222657596059
1740615948.4597812,2,3,3,23.7126171875,161992,31.939622640494783,1004.3615004974473,74.2670522702499
1740615949.4715397,2,3,3,23.7126171875,158617,31.945208931176644,1004.3649448259126,74.23817060519349
1740615950.483622,2,3,3,23.711640625,156688,31.93953621952536,1004.3650474121567,74.23731039184709
1740615951.4965396,1,2,2,23.7126171875,156835,31.917279635687365,1004.3666669903131,74.22372980133372
1740615952.5095448,1,2,2,23.7126171875,158318,31.883771602236298,1004.3563340055881,74.31037491117175
1740615953.5227861,1,2,2,23.7128125,158768,31.844705956616103,1004.3549357538022,74.32209971824872
1740615954.5357,2,3,3,23.7133984375,158168,31.816847756909432,1004.3524631583704,74.3428332870927
1740615955.5486648,2,3,3,23.7137890625,158019,31.783397396644745,1004.3754991567247,74.1496700657047
1740615956.5615788,2,3,3,23.714765625,157573,31.761164520526613,1004.4356726203218,73.64511584357975
1740615957.5743947,2,3,3,23.7159375,158318,31.71664008969039,1004.48239290247,73.25338336569075
1740615958.5885406,2,3,3,23.7169140625,158168,31.67211206485372,1004.523622905982,72.9076971201546
1740615959.602577,2,3,3,23.717890625,158617,31.644321120421193,1004.5424646157259,72.74972569993099
1740615960.6156979,2,3,3,23.7190625,159524,31.616552585239987,1004.4927426863579,73.16660620929632
1740615961.6284306,1,2,2,23.719453125,158918,31.594293570772642,1004.458946797893,73.44996853303763
1740615962.639519,1,2,2,23.720625,160134,31.577678598671874,1004.4264466367407,73.72247408587756
1740615963.6505685,1,2,2,23.7231640625,160441,31.566757036520194,1004.4117135923683,73.84600925291602
1740615964.661634,2,3,3,23.7247265625,160749,31.55575064802729,1004.4039718044703,73.9109239915698
1740615965.6727266,2,3,3,23.72453125,159524,31.56687686028467,1004.3933146927675,74.00028432546698
1740615966.684032,2,3,3,23.72453125,160441,31.56687686028467,1004.3829815079791,74.08692925152194
1740615967.6970787,3,3,3,23.72609375,158617,31.57258581016335,1004.3872950416295,74.0507596950211
1740615968.710082,3,3,3,23.72609375,158318,31.57258581016335,1004.3838506387426,74.07964146372188
1740615969.722969,3,3,3,23.7266796875,157425,31.567065158211346,1004.3831001842683,74.08593413328082
1740615970.7354057,2,3,3,23.72765625,154378,31.550435964822277,1004.3795531467538,74.11567660857263
1740615971.7483218,1,2,2,23.7282421875,153952,31.550487297389743,1004.375358269454,74.15085143355837
1740615972.7613494,1,2,2,23.7282421875,153670,31.550487297389743,1004.368469444424,74.20861576849347
1740615973.77432,2,2,2,23.7301953125,152273,31.57294535038782,1004.3579308628875,74.29698474685497
1740615974.787373,2,2,2,23.733515625,151447,31.695877257140953,1004.3651594966909,74.2363705328612
1740615975.800382,3,3,3,23.737421875,151173,31.941818027202654,1004.3699154218818,74.19649089827722
1740615976.8135667,3,3,3,23.738984375,151721,32.19916466980535,1004.3690622137449,74.20364525285973
1740615977.826515,3,3,3,23.7411328125,151447,32.42899301719123,1004.3640139879816,74.24597593571673
1740615978.8395143,2,2,2,23.7442578125,151173,32.60314311057419,1004.3691964607738,74.20251955904546
1740615979.8525057,2,2,2,23.7471875,151721,32.76624828106317,1004.374055035785,74.16177931404873
1740615980.8655832,2,2,2,23.7505078125,151996,32.87333688585061,1004.3709501009342,74.1878148732005
1740615981.8785205,2,2,2,23.7534375,152550,32.94108839412655,1004.3895868399767,74.03154271056724
1740615982.890456,1,2,2,23.7559765625,152550,32.96382133182011,1004.3834639578081,74.08288383894097
1740615983.9067109,1,2,2,23.7575390625,153248,32.95833740204232,1004.3826106284205,74.09003913209094
1740615984.9196262,1,2,2,23.760078125,153952,32.907944200525364,1004.3885436754847,74.04028975664382
1740615985.9325347,2,3,3,23.7618359375,154094,32.87998676813297,1004.3707912695482,74.18914671093212
1740615986.9456213,2,3,3,23.764765625,154236,32.801553150397126,1004.3722051478112,74.17729102225574
1740615987.9585006,2,3,3,23.7659375,154806,32.72861895965012,1004.3672593123063,74.2187630294375
1740615988.9714797,2,3,3,23.7669140625,155093,32.63886134397511,1004.3654341762827,74.23406727090926
1740615989.9834704,1,2,2,23.7690625,155380,32.56609557622574,1004.3655523968634,74.23307595983057
1740615990.995302,1,2,2,23.771015625,156104,32.48774004637325,1004.3705136624944,74.19147451038663
1740615992.007991,1,2,2,23.7731640625,155959,32.42065378982052,1004.3706318614364,74.19048338481358
1740615993.0207434,1,2,2,23.77609375,155380,32.33125858004021,1004.3703232827429,74.19307088900482
1740615994.0334494,1,2,2,23.77765625,156835,32.27539003046242,1004.367747418621,74.21467013452659
1740615995.0464,1,2,2,23.779609375,157129,32.2027856120724,1004.3744310249145,74.1586265672245
1740615996.0593581,1,2,2,23.7798046875,157129,32.158034136186636,1004.3558091491275,74.31477600591019
1740615997.0722592,1,2,2,23.780390625,156542,32.09095878319335,1004.3533361244625,74.33551315942005
1740615998.0853946,1,1,1,23.781953125,158019,32.03518160619244,1004.3610942606131,74.27045868589835
1740615999.0984056,1,1,1,23.7837109375,158768,31.985031419983066,1004.3588421980827,74.28934291456605
1740616000.1112924,1,1,1,23.7844921875,158768,31.962747928613197,1004.3601377460384,74.27847934708156
1740616001.1240983,1,1,1,23.78546875,160134,31.929311725100145,1004.3686466123295,74.20713017205652
1740616002.1387177,1,1,1,23.7868359375,161213,31.89591768927453,1004.364024392697,74.24588868930164
1740616003.1513336,2,2,2,23.787421875,161058,31.862462171586063,1004.423556456308,73.7467078565237
1740616004.1623595,2,2,2,23.7876171875,161368,31.862479431559755,1004.4738290575364,73.32518696896045
1740616005.173432,2,2,2,23.787421875,161058,31.85129478356606,1004.5062301841531,73.05352216099043
1740616006.184567,2,2,2,23.7868359375,161524,31.840076509156518,1004.5293715856847,72.85949916458522
1740616007.195657,1,1,1,23.787421875,161680,31.828962596853437,1004.5389552726288,72.77914832107116
1740616008.206984,1,1,1,23.7876171875,164700,31.812232959793832,1004.4807185401462,73.26742202649582
1740616009.2198699,1,1,1,23.7880078125,161368,31.817849517759782,1004.4434742315622,73.57970116066103
1740616010.2326965,1,1,1,23.7880078125,161992,31.80668556706836,1004.421083437595,73.76744382759499
1740616011.2448685,1,1,1,23.7883984375,161058,31.80672003690375,1004.4010628259446,73.9353158237842
1740616012.2580912,1,1,1,23.789375,160749,31.795643089267706,1004.3837362499517,74.08060063007017
1740616013.2710843,1,2,2,23.790546875,162464,31.77900335918803,1004.373623001637,74.16540201115481
1740616014.2840707,1,2,2,23.7909375,162306,31.767876799389732,1004.3622141730746,74.26106789236083
1740616015.2970567,1,2,2,23.7911328125,161368,31.74557458571129,1004.353926197148,74.33056519536653
1740616016.3100064,1,2,2,23.79171875,160134,31.72331019981523,1004.3566202188515,74.30797491922942
1740616017.3236537,2,3,3,23.79171875,161058,31.712153489836986,1004.354897845207,74.32241759463314
1740616018.3365762,2,3,3,23.7909375,159524,31.70092889246231,1004.3604918011399,74.27551048829517
1740616019.3495457,2,3,3,23.7895703125,159676,31.67292287787244,1004.3616693448873,74.26563643500148
1740616020.3621132,2,3,3,23.789375,160134,31.650601035190075,1004.3665125631233,74.22502471333182
1740616021.3748686,2,3,3,23.7895703125,159981,31.656194045663195,1004.3651140817657,74.23675134922323
1740616022.385942,2,3,3,23.7909375,159828,31.65073835315443,1004.3570470576061,74.30439573752037
1740616023.3970277,2,3,3,23.79171875,160134,31.639655913180857,1004.3531754716741,74.33686028916225
1740616024.4080915,2,3,3,23.792109375,160441,31.62296518674212,1004.357267985448,74.30254318623399
1740616025.419235,3,3,3,23.792109375,161524,31.617390602801773,1004.3607127352298,74.27365788976124
1740616026.4305587,3,3,3,23.7915234375,161213,31.595043005262006,1004.3562963355965,74.31069078642601
1740616027.4435701,3,3,3,23.7925,161058,31.606276372196803,1004.3596381280746,74.28266879580367
1740616028.4565382,3,3,3,23.793671875,160749,31.617527803734642,1004.3546919162206,74.32414437896466
1740616029.4695194,3,3,3,23.7940625,161524,31.623136713450407,1004.3501725411566,74.36204094244611
1740616030.4823098,3,3,3,23.7950390625,163096,31.623222478108513,1004.3535143256854,74.33401888013549
1740616031.4941008,3,4,4,23.7958203125,161836,31.612142042615734,1004.3461979292509,74.39536958766317
1740616032.5071297,3,4,4,23.7971875,162306,31.606687862400783,1004.3381307552892,74.46301626370585
1740616033.5201166,3,4,4,23.7973828125,161213,31.61785366486795,1004.3436217939136,74.41697152753984
1740616034.5331001,3,3,3,23.7973828125,161680,31.606705008260413,1004.3470665699097,74.38808569346884
1740616035.5459123,3,3,3,23.7981640625,160749,31.60677359204647,1004.3500844731857,74.362779425003
1740616036.5591385,3,3,3,23.7993359375,160749,31.60130243893039,1004.3399709941593,74.44758504135214
1740616037.572163,3,4,4,23.7997265625,161680,31.595762907307098,1004.3543978995506,74.32660980886692
1740616038.5851917,3,4,4,23.8008984375,159221,31.595865755459823,1004.3408395998788,74.44030140357414
1740616039.5981374,3,4,4,23.800703125,160749,31.59584861401416,1004.342238121516,74.42857420043174
1740616040.6111178,3,3,3,23.8008984375,161836,31.612587905447388,1004.3511739840989,74.3536434761333
1740616041.62411,3,3,3,23.801875,160594,31.629397780747833,1004.351070974936,74.35450724542794
1740616042.638177,3,3,3,23.8040234375,160441,31.674193902294427,1004.3529112259988,74.33907608181866
1740616043.651091,3,3,3,23.8055859375,160134,31.691062715670974,1004.3641143008573,74.24513478454752
1740616044.6651049,3,3,3,23.8065625,160134,31.730196201135623,1004.3691785312044,74.20266990281185
1740616045.6780198,3,3,3,23.8079296875,160441,31.758214297772668,1004.3748905394248,74.15477344406162
1740616046.6909738,3,3,3,23.810078125,159221,31.797469675158553,1004.3767308302449,74.1393422434024
1740616047.7039797,3,3,3,23.811640625,159069,31.831101226985414,1004.3741546096905,74.16094436610736
1740616048.721716,3,3,3,23.8128125,156982,31.87029060656437,1004.365763314877,74.23130735630835
1740616049.7346058,2,3,3,23.813203125,159221,31.91500770884113,1004.3681335029755,74.21143272069776
1740616050.7475271,2,3,3,23.814765625,160441,31.943079726277524,1004.3603899226149,74.27636477036268
1740616051.7596502,2,3,3,23.8169140625,161368,31.97120928076766,1004.3518954749202,74.34759351521959
1740616052.7736304,2,3,3,23.8192578125,160441,31.98259431157658,1004.355781946504,74.3150041089433
1740616053.787447,2,3,3,23.8204296875,161680,32.00505541570959,1004.3560027339626,74.31315273292469
1740616054.7986486,2,3,3,23.823359375,162306,31.9997256924625,1004.3505260782466,74.35907640352684
1740616055.8098285,2,3,3,23.8255078125,161836,31.988737562644435,1004.340308944057,74.44475118346647
1740616056.8209066,2,3,3,23.827265625,162621,31.96653850816258,1004.3501136055725,74.3625351391414
1740616057.831971,2,3,3,23.8290234375,164377,31.927581297722906,1004.3426935866014,74.42475493339373
1740616058.8433409,2,2,2,23.8305859375,163096,31.866277476338993,1004.3349496536629,74.48969127132403
1740616059.8562658,2,2,2,23.8321484375,164055,31.7994173167949,1004.3358180716017,74.48240917868823
1740616060.869275,2,2,2,23.8329296875,164216,31.743677983312683,1004.325056149166,74.57265331710553
1740616061.8822968,2,2,2,23.8337109375,163894,31.682382531504036,1004.3384089667733,74.46068333505849
1740616062.8962145,2,2,2,23.83546875,163894,31.632349256995127,1004.3396012373187,74.45068561527312
1740616063.9116204,2,2,2,23.8364453125,164862,31.582264493003912,1004.3394980550256,74.45155084439368
1740616064.924536,2,3,3,23.837421875,169192,31.548912776398343,1004.3497298333422,74.36575321197842
1740616065.9375641,2,3,3,23.835859375,169878,31.543203647669724,1004.3454164306528,74.40192276570346
1740616066.9505486,2,3,3,23.8321484375,175945,31.55402270226696,1004.347875431771,74.3813030726324
1740616067.9635878,2,2,2,23.8282421875,178191,31.581544634245656,1004.3396756568975,74.45006157425877
1740616068.9767816,2,2,2,23.824140625,177625,31.625778663832257,1004.3449317202493,74.40598725820404
